id,email,username,password
1,lkilloran0@accuweather.com,mhincks0,tA5&FO>{
2,htullett1@drupal.org,ghurler1,"oW6+""dVu"
3,boneill2@nydailynews.com,nrao2,iI7{4PBO8Y7
4,tambrosetti3@reuters.com,ccanner3,"bU6""4@%N"
5,searland4@java.com,aspeaks4,tN7{R<d>4uSg*nf
6,llinham5@bluehost.com,ewilletts5,fW8_s+P3_5VuRjS0
7,eseeks6@sfgate.com,phubbert6,yB5@/YE@l8||Nxq
8,dderrett7@miitbeian.gov.cn,mfry7,rS0<CsK_%i
9,bmartinek8@vistaprint.com,bdericut8,cI7(=e0V~K
10,wtiebe9@bluehost.com,ndelea9,bB5.<4FJ9FzOa
11,rferridaya@lycos.com,fsextiea,jD3{c2>@No
12,llundyb@google.co.jp,ascurrb,aR1_ZW\M*?UvT
13,rwrightimc@mtv.com,eabendrothc,gF7'MtLdU1R
14,gmoulsdalld@intel.com,aheepsd,"qQ4!FLOk=u""=F'"
15,dmerriganse@eepurl.com,twedmoree,mG9*fa_%b
16,dspinellaf@aboutads.info,edicksonf,nS1#s!rZ.I
17,mgehrtzg@nhs.uk,rboxeng,sA0.=nqid
18,dklemensiewiczh@statcounter.com,kaizkovitchh,"yK4""x}""GRxt%A&yV"
19,ptarbini@scribd.com,bclawsoni,uD5@Lv)/_
20,mlewinj@netvibes.com,egallihaulkj,"eX0""4DBNB((`Q2U#"
21,sbadgersk@drupal.org,jwiltsherk,"rD0(+yM>9Qtk""kG"
22,wlowerl@nyu.edu,klekeuxl,rA4+aMxmlgh~7@m3
23,khelkinm@behance.net,jabatem,kN8&Y?pQ_g+7NnbR
24,vvassien@hhs.gov,slabrumn,tK5.\$2U&h!v
25,cgoodredo@rakuten.co.jp,ozannelio,gB1|Grn!*F{1
26,dsubhanp@paginegialle.it,jhamiltonp,fG8~Vbl){
27,jsheridanq@gnu.org,clefortq,vS3%C&aqST\GN
28,jcaddiesr@slashdot.org,egollardr,aR7@z(0?6
29,eharringtons@forbes.com,cmatignons,"yE4@S""O|wR)|cDR"
30,lharoldt@archive.org,elinsteadt,iN5/YW&+?X}
31,ktomischu@nifty.com,dhaggerwoodu,rO4>&q\GwWVnG$|
32,lhamilv@omniture.com,pinoldv,fK4#UagBrDeG1yK
33,gheatliew@diigo.com,arebanksw,nY6\Cfem?
34,aohanessianx@vk.com,mboowx,tU0#YPM/Y#G
35,edecarterety@cisco.com,akeesey,zW8(NArof4ro
36,kwhelbandz@bigcartel.com,unovillz,hS0|?Esarea
37,cmarquand10@twitter.com,cmorl10,"rF4}@2fU,,kJ""Pb"
38,celdritt11@npr.org,jurquhart11,wY2**~aXM'\p#&
39,mfolli12@cafepress.com,lpiburn12,rF1@C!(VK*
40,jchree13@deliciousdays.com,agready13,lD4'!d_Ibupp/
41,mrosoni14@blogger.com,sflewin14,"rA8.m6Y8,!%?cU/D"
42,snesfield15@free.fr,cgillum15,rK9@'D|x>7=pmfRA
43,gtwitty16@plala.or.jp,epidgin16,xZ5!L~jXT@*~|DS
44,ffri17@epa.gov,sglassup17,"yY7&Y`fz,jdB9ae"
45,tclausner18@oracle.com,ktheuss18,lS4\R%~oUQ\
46,fgarstan19@ox.ac.uk,kmusgrove19,iD3>vN>#ajPh
47,dcalverd1a@abc.net.au,johickey1a,bB4_I<H#L
48,bdolligon1b@ibm.com,thuntley1b,eB6%dd`S
49,lhazley1c@apple.com,jlittlepage1c,cU7!X16*BPx
50,amessruther1d@zdnet.com,dlewis1d,"eL2_8&""OQn"
51,abonaire1e@amazon.de,dkeningley1e,"xF6#j5wA"",C0*"
52,wfarrens1f@phoca.cz,vvedikhov1f,"pB3.""oF@GzfI."
53,fsedgeworth1g@nba.com,sgrouvel1g,hV7`S9J*NU
54,lfrancescoccio1h@fc2.com,brosso1h,nB3~.x/BA54
55,lpearne1i@ucla.edu,ewaight1i,oE0!\/iqiI8|\
56,areisenberg1j@google.de,clorne1j,aR3%I'G@AYN@
57,kmateuszczyk1k@bloglovin.com,igilroy1k,"kJ1""@7qOT"
58,pruddock1l@dropbox.com,tgreetland1l,vA3>+T|$}1BZmFn
59,huttermare1m@about.me,babrams1m,tW4&t10.TYUu
60,tgillani1n@dailymail.co.uk,xcastagnet1n,"wW4(N""=gS>f2DX~p"
61,lsimpole1o@google.fr,drolance1o,bM1`$X4GkdbAFpm
62,fmayger1p@baidu.com,sfaunch1p,fL0'hZGfw%QRkoP
63,gmcsparran1q@mozilla.org,lashton1q,lR7*gcG_@&$X4
64,gkilliner1r@cbsnews.com,gjime1r,aO1|WmEse8a5\Un
65,obeardsley1s@last.fm,sminichi1s,mE7}m_!zSQhYzs
66,scaras1t@dyndns.org,pdowner1t,uT3@_jxn<P`l7|/
67,pmillard1u@icio.us,mrantoul1u,xW6@#M%fp88cz
68,tnadin1v@deviantart.com,jmicallef1v,"jF6/0""L32.DoWX"""
69,dvertigan1w@joomla.org,npeevor1w,qV7%\Tv*NrLf
70,tbehn1x@yahoo.com,dlabell1x,pS9\tf8~@FJH
71,atarply1y@paginegialle.it,ekimmings1y,kL4$#H>DDh+N'
72,ghymor1z@noaa.gov,mbayne1z,rW6(v+HCvqWMl
73,odearnaly20@hugedomains.com,mmckeggie20,rG6\~TT(i
74,shablot21@goo.ne.jp,xtharme21,sS4/|NFu
75,jbellringer22@acquirethisname.com,leagleton22,yX7\`g*M>8V34
76,gforster23@odnoklassniki.ru,sschubbert23,"tZ9""E}F|h"
77,sspon24@hostgator.com,jallender24,yX0(0p*ihfSWa9N
78,groads25@wsj.com,rlaunder25,"pY3+5I""b<"
79,gstanmer26@spotify.com,tsibbson26,hL4>eg2Y
80,fmacinherney27@omniture.com,lbracchi27,rG6\qTeGW
81,eshakelady28@craigslist.org,scausley28,kZ3{P`Xy+1Dl/T
82,mwickwarth29@163.com,mbraddon29,rS9>GB}H
83,tmetcalfe2a@sakura.ne.jp,rrattry2a,hL8}6sdz!{K4h9V
84,nvarnham2b@wiley.com,broebottom2b,rV9)cRA#%0
85,sselvey2c@redcross.org,rcarding2c,dO9$o8vW3uo9hv
86,ngethyn2d@prlog.org,fhurdle2d,vK0*Rn2YY6s7X4y
87,gpoff2e@51.la,ttreverton2e,"fL7""8h@,"
88,mraulstone2f@newsvine.com,wdelle2f,"rT3""DW%MUfeO.@b"
89,rlatter2g@devhub.com,wgoldthorp2g,xE8?1l|CCS<J
90,gcoopman2h@wired.com,lprin2h,"oB6""9blP"
91,fdahle2i@ehow.com,ehubbold2i,wK0&(B)3D_DU
92,yimpleton2j@usgs.gov,kskin2j,zW8{v_oR
93,tthoresbie2k@about.com,asawley2k,"yW9%||`,}<R"
94,vlouden2l@ask.com,gbendtsen2l,oN2}(|6BV)
95,bantwis2m@goodreads.com,bivasyushkin2m,eD3}PD`lHp
96,bwetherick2n@independent.co.uk,mneesham2n,dJ9'~?}o52hmd*2
97,jgraysmark2o@bbb.org,corsman2o,fF7>>vo5_
98,hfreiburger2p@ted.com,glownes2p,zX6\d2%F0gCun
99,kpanas2q@creativecommons.org,iwesthead2q,iP0>8m>@{7
100,rpesterfield2r@cmu.edu,mollett2r,tN5*VWVH*g<trY
101,gcordeix2s@mac.com,bparkes2s,wI8&)hA@Z0%MX9
102,bstollwerck2t@mayoclinic.com,areedy2t,"yR1,rwtkL"
103,jeveque2u@jalbum.net,gconen2u,dZ7_/8p7
104,pborkett2v@youtube.com,bdillow2v,mD1|P.e\`O9sHf|
105,dcaddan2w@miibeian.gov.cn,ndenisco2w,"lV8""BU#Qz"
106,mfeehily2x@bing.com,ccastro2x,qK8>xyUctp(}DX
107,bstops2y@upenn.edu,acastellino2y,sJ4(31fwp=2?\H
108,lpinkerton2z@histats.com,amoakler2z,xD2*)G1x
109,zsouttar30@netvibes.com,ffauguel30,vM7&Z8?p
110,adeeney31@paypal.com,jciobutaro31,dX2+g#}ekc
111,mdeverehunt32@columbia.edu,cserfati32,jT7#HWD>C9#$O&u
112,ddeaton33@netvibes.com,smcclarence33,kH7>'BcP&Gk1sTyw
113,kondracek34@moonfruit.com,ronowlan34,zW1{jQk1B4FU
114,hcuardall35@pcworld.com,jbesson35,kX6{~i!0.er5
115,sludy36@webs.com,rmankor36,gJ4?ZFyI
116,gviste37@mozilla.org,sfeakins37,uP9&!#Q!I1&
117,gpraundl38@nifty.com,sgateman38,gQ2<6sdhdlq+7@
118,tcardenoza39@washington.edu,mvida39,"nO0*I&w7o""46f"
119,jblankhorn3a@virginia.edu,lmarran3a,oR9&3s>#__lmP=Hg
120,lfarmer3b@printfriendly.com,berwin3b,mI9}x!J!
121,abalmer3c@123-reg.co.uk,tsaurat3c,mB4=<<tA
122,tgutridge3d@un.org,subsdell3d,rV6!CO~Bx1c
123,kbromige3e@wsj.com,jplayden3e,yJ3&3HWjRf{5?0n
124,dscimone3f@uiuc.edu,horteu3f,eT1)_eKufOz
125,aboyse3g@t.co,lmcowen3g,lB1=22\v)
126,rewbanck3h@reuters.com,adunkerton3h,kN6*`9YjZXX
127,abeauchamp3i@slate.com,jcrossgrove3i,fA5/_'L`}Tn
128,tcrotch3j@sciencedirect.com,tantonutti3j,"uO6,hV""_CREtPO"
129,lnewlin3k@dedecms.com,jeggleston3k,aK2'v{8F*F51.l
130,tpoundesford3l@businessinsider.com,mparrott3l,cQ3\u?<(PLQ}
131,zbrahams3m@naver.com,wdemageard3m,vX1(/>0?KdRO<'
132,scayser3n@sfgate.com,rcarcass3n,"tT0%|XC"",qbY+"
133,jsimanenko3o@accuweather.com,lrennix3o,qC5?|BQRUlk}<0
134,cwingeat3p@etsy.com,ikeers3p,dI7*6jCZmh
135,bhaddinton3q@goo.gl,mrobinett3q,rV2*L#ES43U!q
136,jheinzler3r@wordpress.org,dtritton3r,wJ7}Wu\U
137,ldovidaitis3s@fastcompany.com,jfynes3s,lJ1}SkZ7e
138,kdibiagi3t@blinklist.com,jcardenoso3t,"rU8)5MT)Q""l2"
139,bedlin3u@sohu.com,dblinckhorne3u,"aQ8=mehp"",~"
140,ccartmael3v@mapquest.com,tmcrannell3v,fU5%pS}QK
141,gkissock3w@networksolutions.com,lagius3w,lU3?.~nP{C2@
142,jmorsley3x@mail.ru,fpenylton3x,lC4*q>fs=_S
143,xporcher3y@mapquest.com,carblaster3y,nL1@{1WiUs_I46l0
144,twillmetts3z@bloomberg.com,egirdwood3z,zK2@0>&f(
145,lmcmillan40@oaic.gov.au,bbreese40,qC3&KSW'um}=T
146,pfurlow41@auda.org.au,awetherick41,wK2+PTsiB~7FkZ
147,triediger42@google.co.uk,zreah42,qP0`~/*wph
148,fheliet43@diigo.com,kborrell43,qA0=8(0zb/K`'.*
149,lgoning44@amazon.de,afritschmann44,nE4@yBF+OC~dpP
150,bpetrazzi45@hugedomains.com,pmisselbrook45,tB7}=$hq7_ncF06=
151,sbalding46@sohu.com,dpeddar46,"bF4|O_IBt!{@`Z"""""
152,mwoolley47@joomla.org,earnson47,iD4_Csu`qQcd{IL
153,fgeockle48@google.co.uk,bmacalpyne48,"fU7,VAXP1'P\"
154,eyearne49@exblog.jp,fkornalik49,jG8*2Ch'zB3jMRWZ
155,olewcock4a@facebook.com,rfinnan4a,uP3}7W0b>(>{Y
156,bkohen4b@icq.com,jdollman4b,dG1_6v#c}LS0!jNc
157,callridge4c@live.com,tguirau4c,"qN3|m""AsXwEX@"
158,yfloweth4d@mozilla.org,lsales4d,bL0{4fJ|c~
159,kdemullett4e@webnode.com,criglesford4e,cC9/WyLqd
160,jmacgorrie4f@princeton.edu,kmucillo4f,rA1_DY|nS
161,csyplus4g@drupal.org,lconant4g,sS8{~a}<s
162,lsivier4h@wikimedia.org,viorizzi4h,oO4\9T*@qS%
163,tthouless4i@skyrock.com,cmcclory4i,zM2%xLsmcI>M9
164,rtutt4j@statcounter.com,acull4j,xS3=*SzRs
165,emanilow4k@yahoo.com,amiere4k,"fG8!q""`3`gJWv19v"
166,dnoyes4l@xrea.com,mjewers4l,lM4\X_rP=yEXGG
167,ttuohy4m@ox.ac.uk,wdeftie4m,mL3@6e%LghhB
168,cspottswood4n@ovh.net,jgorthy4n,vM0&&\9fIvR6yM
169,sdammarell4o@tamu.edu,mleaning4o,yA0?Msp!Y'(H0/
170,kkinneally4p@usgs.gov,bcutchee4p,kJ8#$|6y5sT\o&Q
171,leustes4q@cnbc.com,leivers4q,xI8|)X}@uU3v<
172,mrilings4r@columbia.edu,nhabershon4r,fK5&VU_BNNSvQ
173,fsymondson4s@sogou.com,dspofforth4s,yO1'|>YFqbXll4
174,kbarck4t@eventbrite.com,galton4t,kY6=p9in7
175,aprosser4u@com.com,cannesley4u,qK7}x*JJ@rX/<
176,mtuny4v@canalblog.com,tpougher4v,jD8$auGwiD{?V
177,cewence4w@apache.org,mberkelay4w,cC9_bLxf=/V0>
178,gmadders4x@washington.edu,swhittlesey4x,aF6)bwMqPoU!v
179,rtatters4y@tuttocitta.it,brivalland4y,oT7}OoI/In&~Sp
180,baynold4z@wix.com,pfinding4z,iM9*rt##`T$
181,dhillum50@purevolume.com,ptrubshawe50,kE1$J7eP)Th~K
182,rcarlos51@huffingtonpost.com,hofeeney51,"fC0,,bH7?>x"
183,gloalday52@xrea.com,aklulicek52,kR4{=+j`}
184,flockery53@slideshare.net,bpartington53,"aI2)$?|FG{a""kz"
185,mklimuk54@indiatimes.com,debbings54,jV0*Q\5u'+
186,nlehon55@columbia.edu,toblein55,aA4+av5hd
187,nsimonson56@smh.com.au,slarvor56,cR0\0Sq!M3FFY'
188,cmote57@geocities.jp,rhatherall57,wE0&14~E?>759+UU
189,dshade58@java.com,tsweetland58,gM7@`kMxxbTs4Tw|
190,greide59@msn.com,dfoulkes59,"yF3""n9hKn%uq)Fn9"
191,gcano5a@dyndns.org,aaxston5a,uQ2~8~4`}'/r{
192,yvalde5b@gravatar.com,tmckim5b,sH2@kDgkL+7M
193,wlinzey5c@amazon.de,lattoc5c,"pY7_JBmfl"">$"""
194,gcordner5d@technorati.com,nfairbourne5d,yH4(Ul\(*x
195,chehir5e@skype.com,kgirodier5e,lN0'<Km?C/26MW1S
196,elaycock5f@wikipedia.org,cmullis5f,sZ0%`m\_\Sog}V
197,cdemanche5g@elegantthemes.com,lrisebrow5g,lU1|`3I'(
198,bjobin5h@cloudflare.com,madhams5h,"lM4>)N!r""JSXW"
199,fspadaro5i@scientificamerican.com,dharvey5i,"hO5|m)ecv,PC8}q"
200,hgerbl5j@twitpic.com,fraithmill5j,vD0&kSid
201,rkunat5k@trellian.com,oartus5k,bB1\Z<'h
202,imatthewes5l@miitbeian.gov.cn,rdifranceshci5l,"rN3>x%ui""5a4"
203,clantry5m@icio.us,mblaes5m,"wE3""1Cz#5V"
204,speeke5n@shareasale.com,kbailey5n,"zR2|W""JULs"
205,creckhouse5o@nps.gov,adurston5o,dX4.}.%sp2
206,bemmot5p@squidoo.com,ldeely5p,tR8!M(Q}<DAai
207,gmactrusty5q@earthlink.net,whoodless5q,dM3}>wO|
208,acossum5r@webs.com,ccodi5r,fQ5%4!Iv!q_SAdr0
209,apolycote5s@hp.com,osteane5s,wL5<KbAxu8RkZD
210,nhaine5t@wix.com,bchudleigh5t,hS3'/@9OUW
211,dwood5u@tripadvisor.com,terett5u,rJ7}P*HlE`IJ`
212,ascoyne5v@jugem.jp,cforton5v,"wF1}=~,gn"
213,gjowle5w@topsy.com,dfelipe5w,xY1#'.Q\
214,btisor5x@home.pl,gfewkes5x,uR0?+345&saAClv
215,cgoulstone5y@simplemachines.org,gfley5y,fK3@bB1DPc?ubyo
216,mocannan5z@photobucket.com,slindman5z,nM2+5Z<sy\(`rep
217,smaddyson60@tuttocitta.it,tpalfery60,cM5~9|4+)sr9Ku
218,jscolding61@mayoclinic.com,kmeaddowcroft61,cE2!FeCI(
219,kholbarrow62@webmd.com,rhawke62,"dM4.B,xys7S9B02"
220,dbernardos63@go.com,rclayborn63,qW7`FHRGxWRK
221,ephilipard64@1688.com,thalle64,"hO1""jJB)Tu/wL~"
222,balderson65@example.com,tstratley65,dY5.%'8Ow't+sh9
223,mbasek66@home.pl,ecavolini66,"vI5((blOaQZG,?xF"
224,kerickssen67@ameblo.jp,pbustin67,tE3#vh~O@DnZn
225,unormansell68@cyberchimps.com,rmcconachie68,gR6%=mzvG8XCWSZ
226,jbridden69@mysql.com,fskamell69,cR3?YCK7ure0k
227,cmcconaghy6a@stanford.edu,lvandalen6a,vL4.@_GC*C~SE
228,atrusler6b@alibaba.com,aparrin6b,"mM9,SXd%TLiKRT1."
229,rwoodyeare6c@cpanel.net,rcreeboe6c,"zW5.cX'$SU|""V"
230,mwhittall6d@geocities.jp,lwarrillow6d,uF9@g1Ya
231,dbumpus6e@bing.com,nserjent6e,tT1{>!C32}5g
232,bstrond6f@g.co,akullmann6f,nD0#QG.y
233,vadamson6g@senate.gov,ewhickman6g,rO4$A!(IU
234,jkepe6h@cafepress.com,istace6h,oU2/YEkF<h.b/Z
235,ugrolmann6i@java.com,cfaull6i,eW7.GzlyS9lGv
236,guren6j@theatlantic.com,spockey6j,oN5>_~Qa/j=r`o
237,zbarenskie6k@house.gov,icakes6k,nW7+N\wi*JK~
238,tgoeff6l@hatena.ne.jp,aimos6l,rT4?2_tnao#qc7
239,jdanielian6m@about.me,eferrier6m,rX0)I2k4QWWrAA4Z
240,rtilte6n@wordpress.org,helstob6n,oW1=WZr&5oT
241,abeckensall6o@typepad.com,modom6o,aB0}91M6/&/(
242,epiddington6p@sbwire.com,vsavary6p,sZ4?6{Mr
243,cstoodley6q@devhub.com,hduchatel6q,gL7\Obk%4
244,omeldon6r@discuz.net,lisoldi6r,zN0/8OPG\.#PJN
245,sbrookwood6s@booking.com,rmowlam6s,fK2#3Y~TR1PwH
246,kpayfoot6t@cbc.ca,lmorit6t,"tN7""WNb,d"
247,asharma6u@vkontakte.ru,llyle6u,hA2}Sc1Ld$Y2c}\.
248,fanney6v@shareasale.com,ymckennan6v,zA2$mh{4Q
249,rayree6w@businesswire.com,rfeldman6w,fG6$>7mOZBho
250,dbromwich6x@msu.edu,cjopp6x,lN4~Sf2)}
251,hberthe6y@irs.gov,snanetti6y,yN1.0GNf|!
252,molenane6z@networkadvertising.org,cdensell6z,tV1%h4y\#ea#q
253,cmoncreiff70@marketwatch.com,kstallion70,wJ2<hX*&
254,tpozzi71@theguardian.com,mspittall71,eG7&/1|+D90}Q
255,gcoo72@businessinsider.com,iwanley72,kQ3/v8CPV
256,aloomis73@php.net,amordin73,jP4@2V?|EFa
257,cmcmurtyr74@prweb.com,oheal74,rP1(InPhH`{wf&G
258,tduprey75@dailymotion.com,bfirk75,hV0&0*oc6.}qW2bU
259,csherar76@comcast.net,sgrocott76,xN4#`Xf9c9{L=3~_
260,mcaunt77@webs.com,ccounter77,xA0?zwdz%@
261,idorning78@cdbaby.com,rrosebotham78,bP1'vt}tb`@axH
262,bfairtlough79@pbs.org,vcheater79,uA4\Czk*9
263,kvilla7a@tamu.edu,mbuzza7a,jX9+0yZS'
264,slough7b@ted.com,taizikovitz7b,eU4/$14{nAYL0
265,sgovett7c@phoca.cz,amilton7c,aD6|X=RE
266,wgoaks7d@europa.eu,lhentzeler7d,xK7>ugX8
267,pphillpotts7e@woothemes.com,gwaterhouse7e,wH1=ObMBP
268,lloblie7f@ifeng.com,epedrocco7f,uM7@=h/z
269,kcramb7g@livejournal.com,uhalsey7g,oB5+G/!RT/BOee6t
270,mriggert7h@ox.ac.uk,qdjuricic7h,kH1*0|M={4~R
271,jdemangel7i@ed.gov,mfeldhorn7i,zK6$u`jMNW
272,jburdytt7j@soup.io,mflawn7j,nQ0./K?&P93tH
273,abento7k@cbc.ca,slamball7k,sA6/z}XH
274,sudden7l@blogs.com,olenoire7l,"uD3""j*x54asmR_<"
275,dvedyashkin7m@gnu.org,hdace7m,fL5!J4|I{zsL@GE
276,orosenhaus7n@spotify.com,tgolston7n,xG4&Dn7/0Jd
277,oclemoes7o@elegantthemes.com,aantoni7o,oZ7/Cud\G439Q
278,tsamuel7p@jiathis.com,atremolieres7p,rD5&P#hI!j!08F8y
279,jdabernott7q@exblog.jp,mjeffress7q,fZ5$>.wmV~
280,hpenni7r@hostgator.com,dstokey7r,"gV9=K,Mg("
281,cfouldes7s@answers.com,dkeppel7s,"eB6=/*Dv+luA""p?+"
282,scaveill7t@businesswire.com,sharnett7t,vA1>)=!Sn4ZR\q3
283,nlethby7u@vk.com,sliven7u,pG1?*h66u(f.
284,hhogbourne7v@buzzfeed.com,dkumaar7v,rH7|b$~Iu
285,dcastellone7w@netlog.com,dlound7w,aS2?aQe<
286,kreichardt7x@hao123.com,dmcandie7x,"kV9<q$""+l"
287,dtownley7y@tinyurl.com,pstealy7y,"wV4=FgZhr)k7,LU"
288,cthomsson7z@seesaa.net,lmellor7z,nV6_FAOTL*x*d?`w
289,mbernli80@ebay.co.uk,alapslie80,sZ8\lhf}Gxi
290,ggoaks81@tmall.com,mhuelin81,"fM1{Z73bE""q"
291,knoller82@google.com,jfrantzeni82,sE7>/mdc`E{>w~8
292,hchatt83@discovery.com,rdrayton83,"tC9.Upc}1(f+z,U"
293,dsievewright84@istockphoto.com,smarklew84,xF2{hA{D
294,pscotchforth85@usda.gov,jsabates85,"bG4?FtTt,2YI"
295,glauderdale86@tmall.com,bsangra86,"xA1`a,}!UoJa/Z"
296,ascintsbury87@chicagotribune.com,hgirardeau87,"wX1@""!(>m+p"
297,sbrislan88@theglobeandmail.com,lstickler88,jA8`WJV|
298,btrotton89@google.es,mdelleschi89,zU7'!PT*}g2eZ}
299,egeistmann8a@squarespace.com,rwenderott8a,pA6}Ea`hJ.
300,lbillett8b@wordpress.com,csimoneton8b,xY0>g0fb}4C7s
301,rorrum8c@exblog.jp,mouslem8c,"wX9,,,uBz*&sw"
302,cmarkova8d@reverbnation.com,ofickling8d,yP9(8SvbR*\A(S
303,crowden8e@freewebs.com,ecoombs8e,jA8@D_zr|
304,trapo8f@google.de,dgooder8f,"qX0%OS""o"
305,srivard8g@hugedomains.com,idalgleish8g,yI6$78SXR2P~vpF7
306,viiannone8h@irs.gov,pwoodyeare8h,pP3{ONtz
307,jmottram8i@pbs.org,smandrier8i,gV9%'}D6ZI
308,maronov8j@joomla.org,chulcoop8j,aC6&t9+<DY
309,cpigott8k@ebay.co.uk,kconaghan8k,zD3\z1D/ZUnv$
310,bwormstone8l@alibaba.com,pbattelle8l,mR1&B\oJEh
311,dalenichicov8m@quantcast.com,bcrannach8m,kF7&F@)/~*x!G/
312,akraut8n@vinaora.com,dthomasen8n,rO8|_b58V
313,nwitherden8o@bigcartel.com,ehitzke8o,oN4#aUSb!0a8Z$EX
314,jambroisin8p@wsj.com,byouell8p,wR5}VJ`6LD~TX
315,bdaber8q@meetup.com,astanistrete8q,mB3=7er%uy
316,bjerrim8r@live.com,hsimmers8r,dT8#+nY(/FOw+mo
317,cstanyland8s@php.net,lstentiford8s,vT9>sIF5
318,ewoodroffe8t@microsoft.com,lwomack8t,yB0?evjZw+O
319,hshaves8u@nbcnews.com,rgomm8u,cL6#bTdUPWau*@
320,eburke8v@chronoengine.com,tackerley8v,sV3_#ImHfKlM
321,tkimmings8w@tumblr.com,tferrini8w,eV6!?'302V
322,apyott8x@ustream.tv,dstraffon8x,"qK4?7s&/`},@"
323,colney8y@de.vu,mreding8y,jO3%v73)P
324,arudeyeard8z@telegraph.co.uk,nmarc8z,"kI0&WV""d)t{BQOD%"
325,tgunning90@europa.eu,lpackwood90,kZ9?=/&=F{VIU@lv
326,smccauley91@ox.ac.uk,ybohje91,"hG5)j~RE""jiOWKc"
327,wruckhard92@acquirethisname.com,wlebretondelavieuville92,lK3&18i7KK+H
328,smcgurk93@freewebs.com,rdyer93,aI1~v2NTe`+KtuO%
329,byellowlea94@printfriendly.com,ajagg94,fA0`8Pjl*y)'yJO$
330,tmckall95@sogou.com,ascott95,vZ8_vAX3z
331,jgeorges96@slate.com,fdisbury96,wM0@F==\{
332,grable97@mapy.cz,sgillbe97,oT5_jEKn#=
333,sjeske98@statcounter.com,mwaterman98,sL7')87Awm
334,kassinder99@ebay.co.uk,mgannicleff99,zO6#Xl}31Q\EMHB
335,gdeppen9a@barnesandnoble.com,maujouanet9a,gC9+!X1m)dbr`
336,sliger9b@addtoany.com,ncarpenter9b,"rE5|}O.7$\""+#.A"
337,ghumby9c@joomla.org,hbaptist9c,oM1%Rd++ZM_31
338,ereina9d@tripod.com,fchorley9d,"rZ8|P,O|0F&We"
339,sdrinkhill9e@go.com,bzellick9e,vI9=@6!'u(
340,cstegell9f@dion.ne.jp,qsewill9f,yU6?=Hlz
341,kbrobak9g@chicagotribune.com,emarco9g,dR9.|tbLZyM5Hd.6
342,elapslie9h@bloomberg.com,bsanchiz9h,lG0+L3!D}mgp
343,sauston9i@pen.io,dbootton9i,cO2@8?_B$co<kNhz
344,wsimkins9j@phpbb.com,rkellaway9j,tY9?}v_Azs4D5
345,gmacgillespie9k@addtoany.com,zdommerque9k,vO0!AWfKu=nM`I
346,ssmallbone9l@wunderground.com,frogez9l,lS8%sR~\1`
347,ayakovlev9m@kickstarter.com,tmathys9m,hP9?!p20rHIo
348,kginsie9n@blogspot.com,lhauxley9n,mA0_Bxn.
349,lbinding9o@nifty.com,jyouell9o,eH9`l8JGFL>
350,sprobetts9p@icq.com,kscotchmor9p,kV9%+l6_a&<Je
351,denticott9q@webnode.com,wgeraghty9q,rW9>3g_0>
352,iattenborrow9r@mapquest.com,blozano9r,uD8`)URoIl_DQ
353,bcowton9s@army.mil,mwakely9s,iI7_(`?c7Ny
354,fmandel9t@ameblo.jp,rlegat9t,"iU1}Q}Yjh8(c,"
355,kpaskin9u@ucla.edu,mscotts9u,uN8>wXnQ.
356,ibumpass9v@sourceforge.net,eivashintsov9v,lT9~wW|t8arV%!O
357,achedgey9w@lulu.com,dburnham9w,aW4*~Rz8(U$!N
358,mpottery9x@hatena.ne.jp,mhartle9x,kU0?ILXm7Vnb/q
359,osherbourne9y@dmoz.org,aboxer9y,iU2?cfKiQ5H0'tt
360,lbryenton9z@meetup.com,kfahrenbacher9z,"oE0,QdA@Lgx|6sJ"
361,djordansona0@unblog.fr,twitheropa0,wU0<Ss%}rfkc
362,dberkerya1@myspace.com,mbertouloumea1,aJ9/8uJpC@CG|w
363,tpartletta2@chronoengine.com,lleighfielda2,tS6~&FE?}>R@vo<
364,kbenita3@ftc.gov,dklimova3,sS4(t@F3bFM_2Ia
365,wstefanovica4@ning.com,tkirkama4,zE3(?VasC0jz
366,pblayneya5@ask.com,gcarpentera5,tW2=fT<O_3n=Er
367,lstonebridgea6@php.net,cfenelona6,nL3_dSVmd34
368,ajohantgesa7@sciencedaily.com,vwylesa7,uQ8&sHlW{=
369,gkeysona8@desdev.cn,sgarlettea8,kZ6$@RwCib
370,rwaldinga9@google.co.jp,agoodreida9,cN4%.(`f
371,crossbrookeaa@stumbleupon.com,csulmanaa,pH5+wg#0$1{cCl
372,ipilsburyab@reddit.com,heratab,zL4!2LJ~y**
373,jwarnesac@chronoengine.com,alumbyac,"bD9/mT\,TFVM"
374,idochartyad@wiley.com,zgumbad,nA4`nw)$dBC9kT
375,scoutthartae@myspace.com,ningleseae,"wO7!m,oe"
376,wportailaf@state.gov,cbootherstoneaf,eK1\Nq(xsfL'
377,pcridlanag@google.co.jp,iskellenag,qV5`(Z@rk6UX#
378,cokerinah@cbc.ca,jboyenah,jM3@}pKoeAsYP
379,wsonai@businesswire.com,wgillicuddyai,hF6+=6#.*3
380,cwinesaj@xinhuanet.com,aguierreaj,zS4=%PGi_>W
381,dcumbesak@tinypic.com,mchildsak,eP5(L$7H
382,ctarlingal@gnu.org,drustichal,eO6*v<&Vj|f
383,acoraham@miitbeian.gov.cn,dbockingam,zK9\7mJa
384,jogilbyan@friendfeed.com,mbenedekan,vM0$GOsN1p_U2
385,grosenqvistao@privacy.gov.au,pyallowleyao,zN7{VB9vN
386,daugieap@networksolutions.com,hkovacsap,bB8\i4#(tj
387,rjeandotaq@accuweather.com,tdoeaq,"yC1.,B+/8"
388,gphilippar@nifty.com,vbompassar,aG9!rf<6WU_=
389,bmccurdyas@fotki.com,amclartyas,fB4.7rOV.<1Ec~
390,hnewburnat@bbb.org,triccioppoat,gB7*Ixc<<`js4GGf
391,jberryannau@washington.edu,lcardenasau,oQ6(h6BEct?&=!@
392,mspeeksav@360.cn,ffudgerav,cR4%Z%mEf~)Y
393,egrzegoreckiaw@dropbox.com,aisgateaw,kQ8!2Cqvpt`
394,mdoohanax@macromedia.com,ssmidmoorax,tA8%D#nQ08
395,pquelchay@whitehouse.gov,ewhitehairay,eD6%HOYG>'\r
396,scrushaz@domainmarket.com,rtremoilleaz,sE1/hQi{
397,jdawberyb0@craigslist.org,gjosephsb0,cA7%bQj6X$
398,kjanningsb1@amazon.co.jp,dpaolinib1,sH7`o9d#rZO%*b
399,rvongladbachb2@nba.com,lklishinb2,"qZ3,M=%sFXH'fX#?"
400,cdakeb3@ovh.net,gfryettb3,xQ7_OFE}
401,cbrooksbankb4@hubpages.com,nlazareb4,kS3~aTVwRZmKyg(h
402,flegallob5@toplist.cz,rsextenb5,tC4~QhG1XZJ1w$@p
403,soglesb6@over-blog.com,rmccandieb6,bX9<Ah4$QJc2t
404,vpahlssonb7@twitter.com,gshadrachb7,yP0?jVqe
405,memnoneyb8@google.pl,ogirkinsb8,cY9%q)yG`
406,wdaddb9@weebly.com,mdragonetteb9,"gK0""crH9K"
407,cseamonsba@posterous.com,lhaughba,gR0=u)=t&J({h\es
408,tschonfelderbb@arstechnica.com,btimblettbb,uP8+6FtUX`Z
409,mgalliardbc@umn.edu,ewelmanbc,rV4`(!LNt|(
410,camnerbd@apple.com,ronnbd,rU4+T5kj@0+>/t%z
411,mmalkiebe@businesswire.com,mbarronbe,kN2{pdS|W
412,gputtonbf@bravesites.com,kmcclancybf,sJ5}?a4|
413,wsomertonbg@edublogs.org,aalansbg,kN4<`HuPwO0z<I.
414,zkeavebh@earthlink.net,sgoldsworthybh,aM5&xFHLbaxS)0ww
415,abundybi@ihg.com,efoystonbi,wO3%b8y/7G+&0m
416,jhenaughanbj@vimeo.com,dtinghillbj,"nO3>!Mz#,$Q"
417,dbalfourbk@usatoday.com,sambergbk,iX9?S$Ov7$!Nu
418,sshevelinbl@oakley.com,obellambl,nV7`7g#m
419,bevettbm@archive.org,lebbuttbm,wX4>zIYO
420,spoadbn@ask.com,agreatrakesbn,vC3?V?3(z5H>R#u
421,boaksbo@unicef.org,wcardusbo,wQ6<UWDNgBMJr
422,bgarrisonbp@photobucket.com,jrennixbp,"mX3?ybSvw2_""t(54"
423,ddalwoodbq@dedecms.com,jnindbq,kV1/|bPRFQ
424,mmillionbr@tumblr.com,mtimsonbr,"zT5/(9Cu9I|/,bS"
425,dkleeweinbs@army.mil,gpomfretbs,lL1&2=dXcRt@d3
426,cpyattbt@shutterfly.com,ahallumsbt,rH2>q_)vwHiqp
427,dfeeherybu@cbsnews.com,othrussellbu,"aB3)iy&gzv%Q}""Lb"
428,mcreaserbv@vkontakte.ru,ebradebv,zN1$<L&7/z
429,tkarelbw@buzzfeed.com,misakovitchbw,xU6&8_Oz2m?
430,hbredburybx@blogspot.com,adennisonbx,eX9=dTs\gwMzCM&(
431,akinforthby@canalblog.com,vmccawby,oU6>P7WE(4x)s%M
432,aabdenbz@illinois.edu,fcolletonbz,oY6~bk0v%Ik#
433,ydollc0@ow.ly,bbritneyc0,yC5#h)uI5kn
434,acaselickc1@pagesperso-orange.fr,cjessenc1,sX5#r8W67S
435,ckeplingc2@constantcontact.com,tstroobandc2,hE2#Op!R
436,aresunc3@reuters.com,smansfordc3,qR4'alC@S29d
437,cpryorc4@so-net.ne.jp,mdavionc4,gA3<pMIe0`f
438,jfolderc5@desdev.cn,sfarrentc5,vN3'wCJ=hW%1Tp
439,lgabrielic6@netvibes.com,egarbuttc6,"kD0""QZe(b9v=""=(,"
440,jkinsellac7@archive.org,jkibbelc7,cN8}A#5m
441,sripperc8@vinaora.com,mbrunonec8,lQ6'VLpOe
442,kmoukesc9@freewebs.com,hvedyaevc9,tO0>XRC%vg6eJ>cs
443,dcaselyca@hhs.gov,coxbyca,oR3!\pk6tfuh
444,amoycb@alexa.com,cpatillocb,kV5.B~mNgffrx
445,dsabatescc@ucsd.edu,eshelmerdinecc,"zW2<""~97}""Ed>"
446,smcmackincd@ustream.tv,bandraultcd,qE4.<o_zu
447,hroadknightce@naver.com,vmcgownce,"eK1""+PDfbAn."
448,rpetegrewcf@marriott.com,fgregscf,wH2*v'Mt
449,lroebottomcg@soup.io,cfiveycg,"fI5!YY_,D"
450,cgiraldoch@1und1.de,jofihilych,dV7(Mh>9ZfLzY1z
451,scasalici@geocities.com,cbloisci,"kD3""NFQJg("
452,pitzkowiczcj@booking.com,tespinelcj,aG1.<%tCe
453,rswidenbankck@etsy.com,jrungeck,wR9_rs4S
454,bcurrorcl@oracle.com,ofoyecl,oH7>{yEo<QbG~SA
455,hchesneycm@mayoclinic.com,jbauscm,yV6@83g\w2DJPGm
456,smatejcn@cbc.ca,lharbishercn,aW1~QBU+zD
457,nranscomeco@wordpress.org,glipmannco,pY5\Gwmo
458,hyakovlevcp@pen.io,ckubeccp,"qY7_vW<jQ9*,/<"
459,lmaskellcq@irs.gov,ierrichiellocq,"sO5#~G#|L""NWdFJ"
460,rdentycr@icq.com,vbrandsencr,vJ1|gO.NvS
461,bmaffeocs@about.me,glinebargercs,rM1*35ARZ
462,ghooksct@storify.com,pdellect,"qZ6>gP_"","
463,lreincu@si.edu,aberrecu,oB8<'kRitg%e2m7t
464,dbaylaycv@nsw.gov.au,smapledorumcv,aX1$ZZQ%
465,hmurfordcw@shareasale.com,bsmurthwaitecw,kH1&gY$|
466,rairthcx@reuters.com,mbohlenscx,gO3\Q/RNYbr
467,dketteridgecy@t-online.de,ababbcy,xB5!.C{!+fR
468,lsmallpeicecz@pen.io,mgunncz,sT9?vB@*v#
469,ncleryd0@usa.gov,rkimminsd0,rI4?a4#@.m
470,bkalkhovend1@weibo.com,elyddend1,kM7!zW9d
471,ltuked2@ovh.net,lsobczakd2,hV9\qde%vH.L4~{
472,jidelld3@blinklist.com,jboddied3,fN0+z6$8#LoUj
473,hchurchlowd4@tmall.com,fsherrumd4,sL4!<6#y+4wkEJCD
474,nloneyd5@blogs.com,jmottd5,jS4!gk)3m
475,voehmd6@gnu.org,jtoffuld6,fQ2#i?T|%NnA$
476,gsiselandd7@wsj.com,hwongd7,oY6=\m9gOkHn7_t$
477,mstainsond8@hubpages.com,kannattd8,"qF8)q0DDM""Qs<"
478,ncastrod9@multiply.com,rwaymand9,"mV4,O15VrO"
479,utomkissda@berkeley.edu,hwethda,dU7!(/C?(.(
480,asabbertondb@drupal.org,raysikdb,vI4&c.DbSsPWI~
481,ceadesdc@bbc.co.uk,kmadinedc,rE2/}/1\j%gm
482,cgariffdd@dagondesign.com,lbeckerlegdd,qB1*d$TdRf!
483,wcolbertsonde@nhs.uk,ecolledgede,sX9(wm)thX<D
484,ntitcumbdf@blogspot.com,ndiegodf,"xD0}4|X2""3a}"
485,aridoutdg@reuters.com,dhartildg,"jD2""kjJUG+"
486,tpudseydh@slideshare.net,garonovitzdh,oM7*qMH(T`
487,tfladgatedi@bing.com,nsimiolidi,bF8`BO{$nC!i08&
488,jthurskedj@jiathis.com,javeyarddj,"dS7>1W,ekNq${8V"
489,tduboisdk@ustream.tv,bkillgusdk,"nO4,Z.Sjw"
490,fswiffandl@netscape.com,sroystondl,"mN6$|8fDJn0Y,d'"
491,abrassilldm@nps.gov,sdavidescodm,yZ9\aS<df3me
492,crobbeldn@sohu.com,anowickdn,gC0|%5RVW=Qk_uR
493,blavindo@admin.ch,sbolensdo,qK2__a6KR@8X41
494,olarmordp@washington.edu,dkemsterdp,dS2?Z).S8SS
495,acowlingdq@yolasite.com,ewailesdq,dO0{@<1Y)9Zz\X
496,udesportedr@oakley.com,mrubidr,uH7|i'W{FKyhC!
497,aguittds@thetimes.co.uk,acatheryds,iD0.$JZ{qY`*<L
498,ithiemdt@comsenz.com,aclearsdt,tV5)P0($r#
499,mraddishdu@yolasite.com,ecutsforthdu,hI9*Rr!g
500,dmastrantonedv@kickstarter.com,gelnoughdv,cB5=~1~OD%{
501,cwaytedw@japanpost.jp,edrogandw,aP7$Y3+yJ
502,glaingedx@seesaa.net,tberryclothdx,vW3`yU~G`hjL2l
503,bocorrendy@addthis.com,ghuttondy,"oV2,1s0/yUI"
504,rcastandz@myspace.com,dhamblyndz,"pQ4""@oB&zn"
505,wvautine0@soup.io,ponne0,"zH0&JL06$=""LA"
506,cshortcliffee1@infoseek.co.jp,tbrissendene1,uQ2_Z}|)zdc0w8
507,dhouldeye2@jalbum.net,rlineene2,bL3_QQmiq
508,mfluite3@t.co,ctofpike3,dM8_pVUUMP4A8o46
509,dattenborrowe4@alibaba.com,cshowelle4,"cN4"",M)HLh1"
510,vleggise5@blogs.com,sgierckee5,pV1>t/?5!
511,cgorringe6@yellowpages.com,rmcentegarte6,mE2.ZsX9Int
512,dwharltone7@cbc.ca,ahanscome7,jI5=bi&L
513,tcrosoere8@about.com,tbraffingtone8,dS9%U==PIo7K9S'X
514,lnelsene9@homestead.com,mkralee9,"tV5""7/O3v"
515,vwalsomea@wsj.com,tbrakespearea,yM3.J&a0Y/v=O@m$
516,dclacsoneb@google.co.jp,bmannakeeeb,nE1$@(`m#u>3<D
517,jgrainec@topsy.com,dgepheartec,"eI4>,Gf=aGI"
518,amaskelled@amazonaws.com,nhookeed,wH9_f8diM9Zj
519,lstorryee@wikimedia.org,gpillee,iE2?c2/J
520,ehughesdonef@who.int,clebondef,eG7&Vyb+
521,cmewetteg@flavors.me,mtomaszeg,oL2@Q78nH2ZJ1
522,eparadineh@sogou.com,sjenkingeh,bB0='|4MSg3{f!2
523,grogeronei@nytimes.com,jmackeegei,sF6$$}ib64y~AqY
524,hvyeej@miitbeian.gov.cn,ewoloschinskiej,fS7!_*GJItT'X|qA
525,fswannek@cmu.edu,mmateikoek,kS8`hHQPv11Q}y<
526,jstrodeel@naver.com,bkehirel,"jD1`C"")a"
527,pgreenmonem@cloudflare.com,ttreadgearem,eF1'u+{1B
528,ebriarsen@hc360.com,pdiklesen,xI2)2_)Q#6Fx7
529,mhanharteo@nba.com,wdrummondeo,uD1?|{Og6h3Y_O
530,smaidlowep@usa.gov,gjzakep,jD5>yX81_)
531,hierlandeq@usa.gov,yalexsandreveq,"zC5*7&jRK,"
532,rfiermaner@scribd.com,mgresteer,dF6'a*E!
533,echettlees@technorati.com,hespinases,sB4$cak&MY{gDO8
534,cperroneet@sfgate.com,bgargettet,nS0~RGiBb!
535,millemeu@linkedin.com,rmaclaughlineu,qY6@ryMs/4R(kn
536,lhanleyev@ihg.com,hbennyev,rI9)K8JRCC!
537,cdavidofew@wix.com,wfishbournew,xX3*O?TIpsJ6)
538,darchbaldex@zimbio.com,jdickinex,vV5~d(H'
539,akermeeney@ezinearticles.com,kcockcroftey,bV3>4LzgR
540,dtollez@rambler.ru,cleinsterez,gI6%+$rlq
541,ldebullionf0@liveinternet.ru,ajellemanf0,pJ7!pAsBy'i
542,gbentsonf1@myspace.com,eashpitalf1,oO5{*$whv%YeNK
543,lpilsburyf2@mac.com,tfairlamf2,tE6$P16B8JY(TJS6
544,rdibiagif3@canalblog.com,fsandercockf3,bR5@5!<5F*'
545,rromaynesf4@addthis.com,dstorrief4,dW7?k|*9KR
546,cmcalroyf5@cdc.gov,cbrendelf5,yL0\Z&r~
547,cdraxfordf6@ehow.com,ikaszperf6,cR7{kG'Vs1
548,blakef7@dyndns.org,lhazardf7,"lK3_o#g,HdvLTsj"
549,splomerf8@over-blog.com,smcgarelf8,uD7?TVnew1Q
550,pperrotf9@marketwatch.com,adaviesf9,lI1)pL~/
551,nvenourfa@paypal.com,fsearchfa,eZ7'$(39_H(.D
552,kjaskiewiczfb@uol.com.br,jopperyfb,"gH4}9!uY""."
553,galabonefc@list-manage.com,cbeavanfc,"tH1=fn3ucB8c,*"
554,bfrailfd@hatena.ne.jp,jbouldingfd,pG0*M1GX%R=E
555,kwadiefe@nationalgeographic.com,mritzmanfe,"bE0$NI8EXpi+T"""
556,tgummeryff@engadget.com,jpessoltff,jG9+_yOp\/V%Od5
557,moglefg@tripadvisor.com,sivanishevfg,hR3~8c_B/`
558,wdrillingcourtfh@chronoengine.com,dpirozzifh,sT0{b}>B
559,ascrogginsfi@shop-pro.jp,ngillettfi,"zN3|Z""{btn~"
560,sarlottfj@nydailynews.com,gbockingsfj,tG1/qCmaEd
561,lduplainfk@woothemes.com,gtullethfk,nY3`fza.DEN5Du
562,sohallihanefl@icq.com,hwipperfl,iN6/{U!%CXY
563,kcashinfm@scientificamerican.com,mespadafm,"dE3`e(,J\=T@"
564,gmacconnalfn@sitemeter.com,asaulfn,"xY8*5,qXZB5"
565,mwixeyfo@smugmug.com,jdeverilfo,mG8(80PO{_vV3`
566,zhartlefp@w3.org,vnationfp,jP9%E9R9
567,bsanterfq@sogou.com,socrevyfq,iH7=GRVTw!ik<h
568,qearngyfr@weibo.com,jgransdenfr,mN5).JEvCP\&E$=C
569,awarcopfs@t.co,onaptinfs,wR5%<On@/
570,froofeft@gmpg.org,mblandamoreft,"jT7""eZ9}noE80"
571,sskehensfu@forbes.com,bhuttonfu,eU7%DfXAq+Xk~%(
572,bmacgilmartinfv@answers.com,zpantryfv,mX0.SpsA1zT64V{&
573,csmallridgefw@ftc.gov,wmcilhaggafw,mY9$/~>7p9Wd
574,tgortonfx@imgur.com,vwestmorefx,kX8(RUIyah?P
575,fnoirelfy@plala.or.jp,gsollyfy,cJ7?8()nBM7@wWg
576,jlowndesbroughfz@cisco.com,msailfz,aC1)lpD(9
577,mbeverstockg0@youtu.be,mrouchg0,pX6\J9@@EU
578,ndecavilleg1@whitehouse.gov,npykettg1,uW6+P?<@q1dl|yV.
579,dmoyesg2@netvibes.com,mgendersg2,cE6)(q9HO?
580,dgabbitusg3@geocities.com,saiskovitchg3,cM9=ard)
581,hbangheg4@wufoo.com,gcoatmang4,aU9{wAZgkxY
582,ldagworthyg5@hud.gov,anowakowskag5,lX6$|}+\.B|crZ~0
583,etytg6@theguardian.com,jtortg6,vO3!5q6>s
584,lmairsg7@mashable.com,jbyrdg7,kO6%Ivl1H
585,lweighellg8@gmpg.org,tvaneg8,zR0@zHG\Sk
586,wkennaghg9@slideshare.net,gelacoateg9,vD9\dV2c3a>i*m_z
587,jdianoga@geocities.jp,mseverwrightga,"zA1_C{\y,9.g"
588,pcalteragb@hatena.ne.jp,fcrouxgb,"kW3@w*P8a\pN""|+W"
589,htauntongc@independent.co.uk,boglesbeegc,wO1.jDMjAzd+s
590,olotheringtongd@businessinsider.com,emeindlgd,xM9|/>m/zgzx+W%
591,aesomge@patch.com,mhumege,sA7(?iqkZIk
592,lchecogf@harvard.edu,sdibblegf,yV8\8uc0(e<Y
593,wdennehygg@cdbaby.com,mromigg,zN4<a+WZt9
594,abougheygh@miibeian.gov.cn,audallgh,jR4\P/Tcm(UZ
595,spetergi@simplemachines.org,mbarefordgi,oZ0?5CO0/sU
596,lgalliardgj@wordpress.org,mmcbeathgj,rL6=s@..3P
597,gwalpolegk@xinhuanet.com,lmustoogk,tJ3+HdnBUD_
598,bstaterfieldgl@mac.com,cliddongl,kD6_6lL#J
599,bwolitergm@myspace.com,isirettgm,wR8|&f/h&s
600,smaccarrickgn@geocities.com,dbickerstaffgn,lG8_R0h7prP+k
601,asmardongo@yelp.com,kabbesgo,"wK1~""\Q,?("
602,mcasollagp@bloglovin.com,hcrushgp,qC8!*g.5
603,sricciardellogq@blinklist.com,hhattigangq,aH4?Y2P*
604,achestersgr@dyndns.org,ldunkinsongr,"bT2%>,Qz(FT.,.~"""
605,sstandfieldgs@deviantart.com,pbaddeleygs,tE4$n@q~E#p&w
606,pcrebottgt@cnn.com,ipattingsongt,lZ8_Oj'7PJI\G+3
607,jbendikgu@vimeo.com,gsiddaleygu,nQ8}hr`xiHd
608,mdochongv@squidoo.com,dolliffegv,cO7/uDK_~STY
609,sbossomgw@vinaora.com,lblazicgw,dS7@&pcZ8
610,clowndesbroughgx@w3.org,nwilkinsongx,tE0@_vm=*jD6ELE
611,bkabosgy@amazon.com,obuggsgy,oK5\1AQE'|oFEwn
612,kduffillgz@wikispaces.com,jdangz,pS6!#u&Ik
613,tsemeradovah0@people.com.cn,epalombih0,zK0/4AV~a
614,khamiltonh1@si.edu,llambertazzih1,qW1{XEKH
615,mabbysh2@360.cn,tbalentyneh2,"pZ1~5x$NyM(r,\dx"
616,slightbournh3@mtv.com,dacostah3,wA4+hqq+xG
617,cturlandh4@wikipedia.org,ejuszkiewiczh4,"cP0.J""?`<t4r"
618,rholbieh5@kickstarter.com,ppiddockeh5,kZ7/{.3Zj5K
619,vcaffertyh6@taobao.com,fhenrichsh6,gD0\1F8!N
620,osiretth7@examiner.com,bburwoodh7,"cN1&d/V7+Y8eq,"
621,hmatich8@unc.edu,tsuermeiersh8,dU3_6?3Y#5F
622,cwodhamh9@weibo.com,isawyerh9,wT7(\Y1*jE
623,mwapolha@hhs.gov,tiannielloha,nA6\XZ)7T27*C
624,wtrethowanhb@hugedomains.com,clambrechtshb,wZ8_kXi_pK{s!&
625,kolanderhc@dagondesign.com,elachaizehc,"aM9""}Be7iDtT_je"
626,vthayhd@oakley.com,cpotteryhd,jM5.nF\M(D
627,lmeusehe@sakura.ne.jp,aquarrellhe,"aN9(G3IoiM9""<P"
628,sellingsworthhf@harvard.edu,ilegendrehf,cF1>I~r1Qq}t0mO
629,jhandscombehg@foxnews.com,nquanthg,eF3<+<(yd
630,jbrookshawhh@people.com.cn,tpenhallhh,"tQ3'/cx#72E,|Xgp"
631,adonativohi@nba.com,adegowehi,"kW2""clqLy'"
632,rhousinhj@netlog.com,joverhj,qU6_Xo61N2`Pd
633,mtedridgehk@bloomberg.com,rbasezzihk,sJ1>F*r}
634,tfayerhl@census.gov,mgianolohl,aX6$owLt
635,eduinbletonhm@upenn.edu,dfayermanhm,vO4(X4#{ok
636,cwoodroofhn@yahoo.co.jp,mchrystalhn,iK9&MJGuc>vc4
637,cbraidonho@ycombinator.com,fmelburyho,"fF7""!80~"
638,lelecumhp@topsy.com,mlydiatthp,dD1$$Bjnip|'H
639,cklimthq@com.com,tantoniewskihq,oJ5)V.%o#tLjCtyD
640,ggounothr@wikia.com,dskeelshr,rF6|ruMFwBunM7&B
641,kburdishs@imageshack.us,pcorbetths,"lC6~|b,{o>bqX"
642,hdodmanht@ow.ly,dhaselht,jB3\XCgr\mJ
643,sungarettihu@networkadvertising.org,dchantlerhu,jQ4?w_rfzmp@
644,sjandourekhv@edublogs.org,siredellhv,wA3/10@.hhbh
645,hgerhardthw@networkadvertising.org,rcerseyhw,sO9@ro&b%Y
646,hfeaveryearhx@bing.com,achristoffehx,nJ9*Q%4zYu5kRIJi
647,kcrainhy@vistaprint.com,tattfieldhy,gE5=r%?US&e8
648,elafayettehz@redcross.org,aoverhz,kC5+7_z$|/z1vJZ
649,zchillcoti0@nationalgeographic.com,mlevetti0,eP5#{wMoP?g&}
650,clammimani1@blog.com,chazardi1,zU4%K#H1
651,fperilloi2@ucsd.edu,tcarmoi2,uI6_WAh1xU+h
652,fgalli3@yale.edu,vschumacheri3,sH0@'RI=fLE?`O
653,ewhittersi4@google.pl,rbreweri4,sE5(7z83
654,gstranahani5@eepurl.com,spencotti5,xD8#V1)IQ?)h_&T+
655,rmeekinsi6@homestead.com,pcardowi6,jW7$4{Y~c6=6B9t
656,dbrayleyi7@rakuten.co.jp,acapeyi7,rI1?Vj1G
657,acottelli8@baidu.com,lbownassi8,qH5!!n.lrpkgV
658,adillandi9@barnesandnoble.com,gkinlochi9,tM7.|hj41
659,bwebbbowenia@baidu.com,mhantonia,iF7&JZ9GM?<{
660,gbendaib@imgur.com,dbolsteridgeib,yZ4_4Rx0M/
661,otowneric@time.com,nwiddowesic,"dC7,""ZeS*a`%+ZN"
662,gmcandrewid@cnet.com,dwoolliamsid,kY0=QTchNC!FU6
663,dclemmensenie@taobao.com,sscrannageie,fW5&}ty!/#
664,kaceyif@berkeley.edu,vkaasmannif,qL3'ZRS_kH=O0w{$
665,gbranfordig@wordpress.com,usifleetig,iE3*og7~+M
666,aclymoih@mit.edu,eprestlandih,"zM3\o94GC""#x""eE"
667,dtosspellii@flickr.com,dbarnsdallii,iT6<Mj#.kY
668,bdunkirkij@smugmug.com,cvankinij,dT8/P$>5Qp)l|yv
669,ptitmussik@yellowbook.com,jmeindlik,"dX7""p3$,Vb8x"
670,jorhrtil@g.co,wmalmaril,qO0|KKpT}s6nD&
671,kanstissim@linkedin.com,esteynorim,bX7(d)(DC
672,cpeachamin@usa.gov,asetterfieldin,qR3>C9onOh`yX
673,ablumio@com.com,gfiltnessio,yI7}pCimDc
674,cbattip@creativecommons.org,zruskeip,cE5(1'dF2Fw+5
675,vtedstoneiq@pcworld.com,jmanisiq,bL8'T2G{RF2pX
676,apietranekir@opera.com,tcrankir,mT5\}=4=_*o
677,ngregorettiis@de.vu,pslimonis,mS7*Gqo+
678,dmartinonit@51.la,azamorait,jW8|MV9pwZ{XEZy
679,cgridoniu@oracle.com,ggoganiu,eQ4_gwV#NNiN<`tz
680,ckoberaiv@illinois.edu,nallcorniv,aX3(z80S1Il&.
681,fsuteriw@deviantart.com,cmagnariw,dI3=kvUJm
682,imolineuxix@columbia.edu,jpriddyix,xC7`iBXR*)`.e
683,jhandesiy@globo.com,bpotteriy,uU9!j.t!
684,daujeaniz@vkontakte.ru,jhamptoniz,vR7/w|=i65#e`
685,wchrispinj0@time.com,sworsallsj0,xX6@$@speVqaMW1
686,sgodwynj1@bigcartel.com,estiegersj1,vT7(g?~X'eC
687,csimonettoj2@msn.com,bmephamj2,xD9#|KAy.
688,wgammillj3@columbia.edu,scoultardj3,iW4|E/*I5
689,rstjohnj4@arizona.edu,amulkerrinsj4,oM7*<X(up<$
690,mjuszczykj5@infoseek.co.jp,dbarajazj5,"cD1`kRYkUn52"""
691,tbennettj6@xing.com,sbutlerj6,eD8?pI6CW~q?
692,dthorsbyj7@seesaa.net,ndenevej7,kD9)%5eYZT~(T*OP
693,rmckeatingj8@ezinearticles.com,gblatcherj8,"hN4>421t,>"
694,carnaudj9@whitehouse.gov,kcastillaj9,jY3*U<{=q+$J8+Z
695,bcornillotja@networksolutions.com,pwormleightonja,cJ4)D8a6aeX7pfE)
696,gastilljb@freewebs.com,estorresjb,lO2{9ukB
697,cpixtonjc@barnesandnoble.com,gwitteringjc,wJ7?jMwzw4!t+9y
698,jjacobovitzjd@webs.com,mgolagleyjd,bM5*#o<k>C
699,vfrantzje@com.com,fgotliffeje,qD7=}=C3zh`5R
700,mszymanzykjf@timesonline.co.uk,cclaybornjf,kR2'*V31+kMj
701,eextonjg@earthlink.net,sgaskelljg,"eV4`XZ""(3XNf"
702,fhunnywelljh@addtoany.com,jgammadejh,sU7/MXhs
703,mtomsettji@github.com,colivoji,kQ0.PE$p
704,vjollyjj@japanpost.jp,korpinjj,"eL4}thRbL""QtRyW"
705,tkupiszjk@weebly.com,dstriblingjk,"qU5,,M9kr7X"
706,anylesjl@dagondesign.com,stinwelljl,"vK2=VQ,'J`@i"
707,llocockjm@mysql.com,jlaceyjm,wU6>k.SxpLM@k!U
708,hpollakjn@umn.edu,bgiacobbojn,pZ5/kA%|
709,raitkenjo@youku.com,kabrahamovitzjo,eC2%G8ooe}MiAY$2
710,tbygrovejp@thetimes.co.uk,cmckiniejp,"rP9""X@k("
711,gkarpinskijq@altervista.org,gabellajq,"dU0""`l!p.'yKw."
712,nminifiejr@boston.com,jmebsjr,"cK3!2bF"""
713,hmeadejs@netlog.com,relsmorejs,nV3\$`{+
714,cchateaujt@webmd.com,llamminamjt,eQ3?<hrb%HKP_R#J
715,opoateju@whitehouse.gov,jantonatju,"tM4,0vkqZ"
716,mfranschinijv@bluehost.com,rdelicatejv,"aW1#0TehG,3r8#="
717,mstovesjw@oakley.com,wdebiaggijw,fJ1}sf`jqdrc2~_
718,orusseljx@rambler.ru,singgalljx,cT4!y<eR5
719,gbroomheadjy@economist.com,eparfettjy,kM4(.ugq@=97<
720,hleabeaterjz@va.gov,sgoncalojz,hV9!==P!lF}
721,dspridgeonk0@multiply.com,zfairheadk0,kQ2)Sm=m
722,spardyk1@i2i.jp,edinnagek1,lE6(=WKUj41
723,calesok2@histats.com,bbroxholmek2,dE9`{JP9|+EJ#
724,tsinclairk3@reuters.com,hdashkovichk3,"mH7&5tAQ.'.6,"
725,kprewk4@bluehost.com,jpennellsk4,nW7>POY_Qoct
726,bstattonk5@google.co.jp,jabarrowk5,wG1/cWNFQlF3\j
727,avandijkk6@livejournal.com,agarraltsk6,pB4#ihBQ}
728,amatyashevk7@digg.com,kmcgallk7,jG4$bu/cwwJX!3Ec
729,yfoadk8@pagesperso-orange.fr,ccrumpk8,wR1{JS/)PN
730,fhuffak9@hp.com,felmsk9,mV0.Xp(Le
731,msyvretka@lycos.com,iferraraccioka,qH7$X12+$x_M$
732,mshapterkb@zdnet.com,ocrapperkb,nX0|J\x*v3j`
733,smanghamkc@auda.org.au,dlemoucheuxkc,"tU6*?OK_9"""
734,fcormackkd@senate.gov,mbracerkd,wS8#$/+r~
735,mstillmanke@pbs.org,wclaveringke,xL2&g=sz
736,gklimowskikf@amazonaws.com,csiretkf,"zS9$`3s,sxZleRd"
737,apolkinghornekg@networksolutions.com,cglandonkg,"pM3',,y56$f/_dQJ"
738,aprendergrasskh@devhub.com,dpallaschkh,eU4~dNWFj
739,thethronki@google.pl,schurchardki,kS4'l9l_H
740,mjacobsonkj@shareasale.com,hcorradettikj,rK2~*`a3aEd~i
741,asurmeyerskk@twitpic.com,bfoulcherkk,bJ8&+>GgS3
742,ckitskl@is.gd,fmeinekenkl,zU1+7<7=75~Ho(U6
743,glabatiekm@ca.gov,wwranklingkm,"eM7$h,eX3r."
744,fwhitebrookkn@marriott.com,lfewkn,lG4_)MxaJN2Rx
745,enisbyko@flavors.me,ctoalko,kS8!Ap@yX(X!`}hM
746,alebellkp@addtoany.com,rnorthagekp,jF7/6Mdwn%RU
747,sjanuszkq@zdnet.com,bamblerkq,uA5</i7G?<E
748,cfantinikr@surveymonkey.com,dhardikr,iA3/%8$n|'
749,winsullks@slashdot.org,hnozzoliiks,kG2/As2}WF8%Y
750,cgrinawaykt@addtoany.com,glerwaykt,eL1}EQjgh
751,ballderku@flickr.com,jmctagueku,xD4{pwp!MFVCwRt
752,fgianiellokv@bandcamp.com,rhairyeskv,zC6{30El2L9<}
753,apycockkw@goo.gl,tfantkw,oB4/9o\5d~e28w
754,charnettykx@addthis.com,rlinckekx,lC6?<V/esFNU
755,mrichemontky@diigo.com,rselesnickky,"nI4""11>(dkkHp"
756,nsaffekz@deliciousdays.com,cmcphadenkz,dJ7+Jm+{$L3Cr/
757,wpophaml0@intel.com,smedlerl0,"yZ4\@Dp""Wk!}"
758,ephizackerlyl1@sitemeter.com,nghestl1,kA9(!/FatnM
759,hponterl2@blinklist.com,swhiffenl2,hW7@I%uW5p)4=g+e
760,skingabyl3@blog.com,rhughesl3,sR6|ErIUbb#
761,jstennetl4@issuu.com,fastlattl4,"pK8=\""sWw"
762,tmitchardl5@xing.com,hcrumbiel5,wV6&8<H&h
763,amartinsonl6@hud.gov,lcammomilel6,aS9@sS8|1npo&A
764,hwintertonl7@etsy.com,lwillettl7,zY6'zf~9RKV+
765,cbaldaccol8@google.nl,cgimbartl8,lU4(1/\3R>j8Y3{u
766,knocklesl9@chron.com,jglasscool9,uJ6/mAl$s&+ZD.w
767,lblorela@weibo.com,bcaddensla,uU6<)<qX(nV@
768,psmeallb@ucla.edu,gdamiatalb,aT5/tm2&z
769,lclaytonlc@ameblo.jp,xsalvadorlc,"aK6{KLm'+*,v~sY"
770,mberwickld@sfgate.com,tgertzld,iV6>b@n'@
771,esinkle@hhs.gov,rhowkinsle,rT2&t(MX
772,olabetlf@aboutads.info,rscourfieldlf,yM5_VE0/L
773,fpuddicombelg@tumblr.com,ofronzeklg,jU7+Rd%PiVqtYO|
774,rcrannagelh@zimbio.com,flecountlh,vV2{+H'xnk*_J
775,cskellsli@ucoz.com,clangdaleli,qS8*BN?6CU*nH
776,dpratelj@nyu.edu,sbolstridgelj,vW5>>2P\S4g7
777,gohowbanelk@squarespace.com,acallarlk,fN2!UX=2WQl
778,hmcfaulll@cornell.edu,cdownhamll,hH1{s0?w?T}'S
779,spellmanlm@microsoft.com,sdurrelllm,dD2$2|*il
780,dwinwrightln@boston.com,rearthfieldln,bV8>VDv\v2`DzP>R
781,epignylo@sun.com,rrecklo,wO2&zto'cCW@
782,kcrudgintonlp@noaa.gov,crosedalelp,qU3\$o63Uh
783,sgiacopellolq@ebay.com,zsimnorlq,jQ9%kdLtBdhV$
784,cmoorheadlr@hao123.com,fwinsborrowlr,aE8`BM0#\9_
785,lnewlingls@hp.com,ftealls,rE5`?CDQsa#xIS
786,icantorlt@jugem.jp,ralfonsettilt,sJ6?SplokJa0j+q6
787,jkempstonelu@webeden.co.uk,mwhyardlu,mO0<a'l#B4aN
788,mringhamlv@elpais.com,jmurdylv,rU8_yV)Q*#Rd/*
789,mlabbeylw@ucoz.ru,gerrickerlw,nB7!0iQi'Q4Q
790,lwhistlecroftlx@meetup.com,bseverslx,zI9%}ve*~
791,mklugely@joomla.org,lsatterleyly,uZ9)hq1X'fG%
792,wpickworthlz@macromedia.com,ntwelllz,yD3%ZX8mRX)fF
793,ppelcheurm0@wikia.com,froyalm0,hZ6)In4U
794,vburghallm1@google.com,jkaygillm1,"zF4&Zb{``O)WM"".g"
795,znobesm2@addtoany.com,apackhamm2,uI8)k*(K
796,erapportm3@telegraph.co.uk,achallism3,aZ4`*5XxBT4`FVK}
797,kosullivanm4@mtv.com,emannm4,lR2}F>&BhwG%Hi
798,cmacinherneym5@sciencedirect.com,troomesm5,oS7>tTGY
799,nabbottm6@uiuc.edu,mfellgatem6,iX3!#I@wzC`RuQf
800,cberthomem7@bbb.org,kglasscoem7,"lS9~,B$bzxFw"
801,mharcarsem8@unicef.org,wpetrenm8,fV8+u7?Y/S1*tX
802,abraycottonm9@timesonline.co.uk,nmccardlem9,rX4`~CYuZZ(
803,aordidgema@miitbeian.gov.cn,landreouma,gM5`vbHV*O_eQ>P6
804,ajoninmb@slate.com,tskermermb,dM5/$p{}c
805,agaydonmc@discovery.com,gmurkinmc,aF7!Csv'
806,cbertenshawmd@addtoany.com,gpietranekmd,wI8'6p3genwtrU
807,slenneyme@cdbaby.com,ctreffryme,iP7<HGwN
808,tjanjusevicmf@economist.com,cjostanmf,hZ6=1C)>Xmqv
809,cmarchbankmg@jigsy.com,tstylesmg,oU5>//A)!jWoF
810,cnialsmh@usda.gov,tkayemh,xH5?Sul6Z=E$*3
811,lmconiemi@pagesperso-orange.fr,cswiersmi,hR5_C`5x*EA
812,pvousdenmj@dailymail.co.uk,ayandlemj,"gD4""lDWla,P""X"
813,ksheersmk@va.gov,ifloodgatemk,"uG2&yz`x0""pjzL@"
814,chumphrysml@google.nl,gpellingtonml,hI7$gp_P{pc
815,kogeneaymm@jalbum.net,edinkinmm,"hK2{""aGg8*@"
816,rmowsdalemn@networksolutions.com,cmeehanmn,dJ6<+b\p+GCjj
817,hdreighermo@trellian.com,bstainfieldmo,bH0_b/JjLOen4
818,avanshinmp@disqus.com,abolensmp,"mS8*|e,zStpQ*t7G"
819,tjeanonmq@shareasale.com,kthainmq,vH1.dMRv@HWLv=UA
820,aplinckmr@uiuc.edu,aphillismr,bG9\tH*yq9a6/
821,frourkems@oracle.com,atreffryms,zC9*4g#0@
822,fblazhevichmt@europa.eu,ecardmt,eR3`*yXxaz}
823,acotesmu@discovery.com,ljaffreymu,kY6=VRB9o!Xy
824,ahastlermv@youtu.be,mwhartonbymv,"sS0`l{"">N&}"
825,rhowlingsmw@slideshare.net,soverthrowmw,bG5{i~qn
826,gmcaughtriemx@weather.com,glewismx,rF5$RA7M<6c&7FA
827,eassermy@netvibes.com,dfattorinimy,hL9?IpFV07
828,bedwickemz@earthlink.net,tsynemz,"dM3|$8""@""vl\xi"
829,scornewn0@ezinearticles.com,omcgarrien0,"oG8&zW4\9?""f=Gc\"
830,plumpkinn1@techcrunch.com,kchaffn1,"lW2/3Zb,M\oXX\tG"
831,jalkern2@yandex.ru,rjaouenn2,"gB4&,Qk6&qKcQ"
832,flichtfothn3@jigsy.com,adudlistonn3,"cR7%""sbaH"
833,fsivetern4@plala.or.jp,gbourgourdn4,"aV7{W1""oPY$uC7xi"
834,pmacconaghyn5@devhub.com,lhodginn5,pB2\HKx&2\R#~5U
835,jbarrottn6@home.pl,romullenn6,cX7{s}cH'
836,sholstonn7@digg.com,lferrarinin7,nY5}_HJA5O!aHH.T
837,jgodsaln8@mozilla.com,vcockingsn8,"oC3/wU<3Si,"
838,mstanbridgen9@time.com,lpatronn9,kT4{86<iN4!_aLpf
839,rhorsellna@hatena.ne.jp,cedensna,sV7/t813$sKy=R.
840,placelettnb@studiopress.com,gpygottnb,yM0.eYfOV
841,tszubertnc@woothemes.com,rwakerleync,"rD4,S.nTP)&d(n"
842,lmccloynd@phpbb.com,aspittalnd,"vN7""$hjoPRs$i%Ig"
843,elavallinne@businessweek.com,zdobbingsne,fC6`wA!MHyplY
844,cclewarthnf@narod.ru,lquakleynf,cY4\81Of4
845,blewtyng@delicious.com,dpurdieng,aP3={#9sZgh'!|qh
846,hvanveldenh@surveymonkey.com,imessiternh,xU5<ng_.NhE
847,mblightni@epa.gov,ocardenosoni,lJ9(t}@s3~K'$L
848,gmenslernj@mozilla.org,estatefieldnj,rU8&cXC2o
849,bmanhoodnk@webs.com,rkennificknk,"sV2$HTb,b{$g(("
850,astammernl@time.com,kmcsaulnl,yH1<Fh_{@.
851,challamnm@hexun.com,snorcopnm,pR1@cz`>N$N<
852,ncantunn@nps.gov,dgiovannazzinn,"lW5""SihtX"
853,mspadano@bluehost.com,lsinisburyno,"gN0\|=W2,DY3<lM"
854,ecloughtonnp@posterous.com,hearleynp,fI7\+qNmIft|
855,zlurnernq@flavors.me,athiesenq,bF7`H59n@A`(
856,fgerholdnr@scientificamerican.com,mfrounksnr,"lK9@+c2""$U"
857,cinfantinons@deliciousdays.com,abarnwallns,"uY0?U,?""\+"
858,karneynt@dell.com,sstonebridgent,wQ6~ynru=2M7W
859,hbriarnu@plala.or.jp,jbenedictenu,"yM6`R,iCx0}6Es"
860,nbreartonnv@a8.net,mmcelroynv,nF9&D\yMyos
861,mhooknw@ameblo.jp,nyeellnw,oS2/a4gl/ojwa*
862,rpreatornx@wikia.com,iboldingnx,"kL0}IXM~wg,Ft"
863,hstealeyny@exblog.jp,bbrummellny,"aM6,sM_.eH"
864,wgillinonz@state.gov,mcawthranz,vF6~c?619wA
865,npohlingo0@t-online.de,cdrinkhallo0,"xJ9@V\Pv5,o'e\,H"
866,rtolladyo1@t.co,mreschkeo1,xJ8!IA?)
867,whendreno2@opensource.org,glevyo2,eW1<yQnw/ct@
868,fkrollmanno3@fc2.com,rcrannyo3,"mU9>`""c`E?2"
869,kspurdenso4@weebly.com,mpesselto4,"qM9(#H""7OsDy}HP"
870,rrubinskyo5@usgs.gov,tomullaneo5,tR4.6/7!ja~I{9>
871,fkelstono6@wiley.com,ldibsono6,zB3{c0{A
872,rbarkaso7@aboutads.info,lbotlero7,qP5}umE!tCqT'
873,cbreinleino8@github.com,dtyloro8,cY3\&y~f!H3)mp
874,sburnardo9@desdev.cn,ddutcho9,"mI9!S|/wt_6)""G2"
875,adegiorgioa@alibaba.com,hwitlingoa,nX7{B?3B97
876,ctearob@macromedia.com,fbennedsenob,rA6}dVlhf
877,rjelfsoc@canalblog.com,gwalstowoc,"sH3<{Xe\&AZ""J(e9"
878,tnelissenod@comsenz.com,lworswickod,"aU3(LxO""V!qVU."
879,jdallonoe@istockphoto.com,tpachtaoe,"nX1.NqN!laY|T""S1"
880,adebiasiof@berkeley.edu,hantognazziof,"hV4\uxD,7XayFj!b"
881,gbiskupekog@homestead.com,fhancoxog,vT5+?`R)
882,tlambshineoh@sohu.com,kbridsonoh,mZ2~?@+1`bb!J3
883,cleatonoi@dmoz.org,nmoughtonoi,hV6|4rB'Xp.Z
884,dcaspelloj@nih.gov,gtarbattoj,lI4{=kV\e
885,dfinbyok@cnet.com,glewsamok,gV7{Vb<`T
886,ashitliffeol@163.com,hfraineol,qX5<Sb40ySP'W\3
887,dbartolom@tripod.com,kembersonom,"iV7*,'&O"
888,cyitzoviczon@miitbeian.gov.cn,cdilstonon,bC8~&e<=@P$W
889,cdudmeshoo@gnu.org,pmacgillespieoo,fM4@49ENMhh%'c
890,rstobbartop@newsvine.com,cberridgeop,bA3>Aw=Xuc8
891,cbarryoq@usatoday.com,aambrogiottioq,"vV0,(X$H0R"
892,rcorkeror@tuttocitta.it,lgeorgior,gE3@Xj#lt~x5%(b
893,fjojicos@go.com,lheartfieldos,"sN7,Wo7DI_8%Yn"
894,etetlowot@yahoo.com,gmilburneot,lE3(AHd!LyT16k
895,bmounchou@wikia.com,hfoskinou,aE5>F`O`V5W
896,abredesov@paypal.com,gdowdenov,kZ6\7M=G\
897,astimpsonow@yolasite.com,ckassidyow,jE5|$5M*~%
898,avarseyox@theatlantic.com,fprobackox,pM6#'>8bH+%?T
899,bmacalorenoy@sun.com,gzottolioy,aO4\&9agd|pO
900,drayhilloz@webs.com,bdavidaioz,mV5(Ewo`?.F
901,bkealeyp0@nih.gov,cmacdonoughp0,"wS5"",7`d""'9Lke"
902,agrinyakinp1@chicagotribune.com,jsquirrellp1,aD3%O!N|
903,rsquierp2@deliciousdays.com,jbutrimovichp2,oE9/ibGzxg
904,dabelesp3@sphinn.com,dmussillip3,"lW8.cMvVb`r?R""+&"
905,sgrandisonp4@adobe.com,glindseyp4,sZ5.CMEkN.T'x7j$
906,clippingwellp5@bloglines.com,adelvep5,"bL5@~m,B"
907,cthickinsp6@newyorker.com,ccluneyp6,wL6`|~Vz+*
908,pklempkep7@eventbrite.com,sfelthamp7,rK7|uM#u\AU8Rz
909,bdefreynep8@foxnews.com,oaindraisp8,eP2$'/T#Kc)|dg5|
910,frosbottomp9@cdbaby.com,apalinp9,bX5&ma{.nL
911,kcicconettipa@fda.gov,rcheccipa,"rD3$,X}Lhk\0ot"
912,blythgoepb@ca.gov,mbeardpb,xG0$T=LG4qG=n
913,jgarroldpc@nature.com,aloundspc,dK6)>r{?FmW`'G
914,slowndspd@sogou.com,creignouldpd,"tK6""Ef38"
915,ktevlinpe@imgur.com,kennionpe,"iV3`1uG,G'"
916,rpenwrightpf@seesaa.net,hlangridgepf,mL8#*+G=+E
917,flittellpg@walmart.com,floderpg,"zO8{V(*Q5(f.d,tn"
918,thurlingph@nymag.com,svanthoogph,pH0?34ht{pSB(K
919,mmiddlemistpi@mozilla.org,mgottspi,gX5@Zm6*{dZG
920,jfitzgeorgepj@gov.uk,astensonpj,uP2#Q\AD
921,lschiementzpk@seesaa.net,dmounfieldpk,hE8<zE=y2st9ZY
922,asinnettpl@yandex.ru,pcurtonpl,"eK6,aoDA"
923,kmahargpm@springer.com,wcastellettipm,uP3/Y@\>u}w%Y
924,jhaslinpn@youku.com,bflowerspn,"sI5(?""%r{"
925,awoodingpo@squidoo.com,cmailespo,dI9%72PjYP
926,gparrespp@admin.ch,jcheyennepp,"lT3,+3g`6"
927,bsavellpq@sakura.ne.jp,ggeytonpq,uS8(GhS\`E$TBbN
928,cbilbypr@bizjournals.com,nshepherdpr,nN3@C|`AuBy
929,rdracops@wunderground.com,risgarps,nH5+qfjkX55z1z
930,jwalakpt@1und1.de,mforkanpt,xW9*X<ix
931,kamblerpu@forbes.com,fdivispu,nX3_uG&/!
932,ssaunderspv@tuttocitta.it,dsoarespv,"jD3)""2C_#6"
933,alivingstonpw@arstechnica.com,gboyettpw,nP5_.sfen
934,utolcharpx@phoca.cz,zdanapx,xG4~?FhU
935,sgoldstonpy@smh.com.au,gskippy,sI8~Gh?pp%8)!l~G
936,rclarycottpz@t.co,cpapespz,eQ5)NFTT
937,swieprechtq0@amazon.de,kwoolerq0,dF2\XWR91Z@I!~\.
938,gcrocketq1@bbc.co.uk,wwollandq1,xW4~ObFH
939,eschottliq2@redcross.org,gpassinghamq2,yR3?%V4Y
940,ekiehnltq3@shinystat.com,darnowitzq3,dL0|6x)O|@ze2>
941,ksommertonq4@odnoklassniki.ru,erosbroughq4,yF2`r>q@36$jxb
942,scarrenq5@dion.ne.jp,rgrimsleyq5,"bC1|BH?G,V~"
943,ybottrillq6@boston.com,bropsq6,iD8!**>PQTboi1S
944,jemersonq7@1688.com,bsimmsq7,zI2=8_{Pk%*w#(
945,shulksq8@joomla.org,ttwigleyq8,kJ5+`TV\
946,rmatchellq9@eventbrite.com,mcreminq9,dS4_iMCD
947,cmunghamqa@google.co.jp,dburryqa,rT5}xYYIxU=DZN
948,lwestmerlandqb@tinyurl.com,poaklyqb,"eG6,1k4d#"
949,eocahillqc@shop-pro.jp,cpitmanqc,bG2=/HUU\L`4
950,rweildqd@paginegialle.it,rlarticeqd,gA4{l*+NWh
951,pdundridgeqe@unc.edu,bfroodqe,"gZ6,jlqxTI'V3%_{"
952,vgehrelsqf@google.co.uk,ioslerqf,hA3|NR)%4
953,esunderlandqg@t-online.de,jprocterqg,cI3'*`YCf|.!
954,cwasbeyqh@altervista.org,fskeatesqh,"kS5,#D`*#U|dd|x9"
955,floberqi@yale.edu,kpurseyqi,qQ0%VkfDoqILDb$=
956,tpawsonqj@xing.com,baireyqj,iI3*%49ht
957,tteeseqk@github.io,vjustqk,"bW3+QcbC}"""
958,bonraetql@washingtonpost.com,ksewartql,"uD8(Qk4A,FNE""*'"
959,smartindaleqm@arizona.edu,saleevyqm,qS0\'GDMGw
960,droscampqn@upenn.edu,ddomeneyqn,uA9$MaqZN663T
961,hmarzeleqo@liveinternet.ru,vhallawellqo,"pX7`y,Bsh#"
962,elydallqp@sogou.com,cblofieldqp,"dO1""OgC%SE|.!S\Q"
963,nstearnesqq@google.co.jp,ahrihorovichqq,eN7`$`c#R~
964,mdreghornqr@apple.com,utredwellqr,fJ3=/EcAV}~#G$`
965,cbyforthqs@nydailynews.com,azarbqs,"nF9)}h6>oYDCz,"
966,tdundonqt@vkontakte.ru,jdillingstonqt,"uV9,7aLg9$T"
967,sthorneyworkqu@vkontakte.ru,wleebetterqu,yE0@H=MB<)+
968,tbourdisqv@wired.com,dplowsqv,pR2{`KEL_%cH1nz
969,eprinnettqw@cbslocal.com,drutleyqw,dA7\EUgIqfIVh`
970,bhallenqx@feedburner.com,dswetlandqx,sF7'y!|vLMsV+ZxC
971,chillandqy@vistaprint.com,lllopqy,kQ5`7JwM3
972,tbenediktssonqz@nhs.uk,lwaleranqz,"aF6,T9CN(j"
973,fmattenr0@example.com,bodgerr0,uE8_g6kEXyF7
974,rsizzeyr1@bizjournals.com,ffairburner1,nM5|1Ug?BB)
975,loxtonr2@cdbaby.com,nandriollir2,iB6/uPM149I@v
976,chuckfieldr3@umich.edu,bmacdunleavyr3,lW5_'du=U8Vf<}q
977,egwinnellr4@unesco.org,hborelr4,vG6<gFX2>EJGav
978,ccommanderr5@walmart.com,tstandrinr5,sN4_Sdx@iz.qu6
979,mchappler6@pbs.org,ryakushkinr6,jQ0(re}~>(
980,pbeneyr7@opensource.org,bhallerr7,xB3(N|2q
981,arichfordr8@bloomberg.com,usmardonr8,xD2{R71KWGA>|
982,hgrishuninr9@gov.uk,wfeldhammerr9,dT7*FCBusQ4\B\A<
983,rlathwellra@prweb.com,cwealra,hN3+Vw%?C
984,jlamburnrb@cam.ac.uk,jvancasselrb,bA7'K~>{my%M>uI
985,fgiorgiellirc@so-net.ne.jp,jedlestonrc,gS7=Ue7tfKM
986,okarpenyard@sbwire.com,hpoizerrd,lW6*Q7)R_hgc
987,fkeirlre@amazon.com,nbezantsre,fO9$+2NR(i5D=
988,gporkissrf@imdb.com,msouzarf,wV3$WXm_D
989,btrewettrg@elpais.com,ekainrg,gF2\LY0prL
990,cbaggotrh@altervista.org,diacovozzorh,"zY9.f4lZU""d*"
991,nparemanri@auda.org.au,mfernaori,mG9{QBll+
992,sthomassonrj@wikispaces.com,bcollingrj,xH3(g&O!ZrQ
993,gblancowerk@topsy.com,aankrettrk,pN2*vnNv
994,rbilbrookrl@geocities.jp,jolssonrl,lT4{WqF#*4u
995,bpohlrm@icio.us,kdabbesrm,iT0`@?))V_
996,ogiddingsrn@disqus.com,ekubalarn,gU4!b=$*
997,pmcsheero@sciencedirect.com,hearlro,gW6_MQpAr=3
998,afahrenbacherrp@thetimes.co.uk,mepiscopirp,gW2\AcGVYKD/H
999,ftisorrq@abc.net.au,bheckneyrq,gF7~}>WTz`C
1000,dmatitiahorr@histats.com,sgreenhamrr,"bZ5),at7c`"
